,Predator,Prey
1,Anoplopoma fimbria,Acscidia sp.
2,Anoplopoma fimbria,Ammodytes hexapterus
3,Anoplopoma fimbria,Anthozoa
4,Anoplopoma fimbria,Ascidiacea
5,Anoplopoma fimbria,Berryteuthis magister
6,Anoplopoma fimbria,Berryteuthis sp.
7,Anoplopoma fimbria,Bivalvia
8,Anoplopoma fimbria,Buccinidae
9,Anoplopoma fimbria,Calanoida
10,Anoplopoma fimbria,Caridea
11,Anoplopoma fimbria,Chionoecetes bairdi
12,Anoplopoma fimbria,Chionoecetes sp.
13,Anoplopoma fimbria,Cirripedia Apygophora
14,Anoplopoma fimbria,Clupea pallasi
15,Anoplopoma fimbria,Cottidae
16,Anoplopoma fimbria,Crangon communis
17,Anoplopoma fimbria,Crangonidae
18,Anoplopoma fimbria,Cyclopteridae
19,Anoplopoma fimbria,Diastylis sp.
20,Anoplopoma fimbria,Eualus avinus
21,Anoplopoma fimbria,Euphausiacea
22,Anoplopoma fimbria,Fishery discards
23,Anoplopoma fimbria,Gadidae
24,Anoplopoma fimbria,Gadus macrocephalus
25,Anoplopoma fimbria,Gammaridea
26,Anoplopoma fimbria,Gastropoda
27,Anoplopoma fimbria,Hemitripterus bolini
28,Anoplopoma fimbria,Holmesiella anomala
29,Anoplopoma fimbria,Macrouridae
30,Anoplopoma fimbria,Majidae
31,Anoplopoma fimbria,Mallotus villosus
32,Anoplopoma fimbria,Myctophidae
33,Anoplopoma fimbria,Mysidae
34,Anoplopoma fimbria,Neomysis czerniawskii
35,Anoplopoma fimbria,No Code
36,Anoplopoma fimbria,Non-gadoid Fish Remains
37,Anoplopoma fimbria,Octopoda
38,Anoplopoma fimbria,Osteichthyes Teleostei
39,Anoplopoma fimbria,Paguridae
40,Anoplopoma fimbria,Pandalidae
41,Anoplopoma fimbria,Pandalopsis dispar
42,Anoplopoma fimbria,Pandalus borealis
43,Anoplopoma fimbria,Pandalus goniurus
44,Anoplopoma fimbria,Pandalus sp.
45,Anoplopoma fimbria,Pasiphaea pacifica
46,Anoplopoma fimbria,Pleuronectidae
47,Anoplopoma fimbria,Polychaeta
48,Anoplopoma fimbria,Rajidae
49,Anoplopoma fimbria,Sagitta sp.
50,Anoplopoma fimbria,Scyphozoa
51,Anoplopoma fimbria,Sebastes variegatus
52,Anoplopoma fimbria,Sergestidae
53,Anoplopoma fimbria,Sipuncula
54,Anoplopoma fimbria,Stenobrachius leucopsarus
55,Anoplopoma fimbria,Stichaeidae
56,Anoplopoma fimbria,Teuthoidea
57,Anoplopoma fimbria,Teuthoidea oegopsida
58,Anoplopoma fimbria,Thaleichthys pacificus
59,Anoplopoma fimbria,Themisto abyssorum
60,Anoplopoma fimbria,Themisto sp.
61,Anoplopoma fimbria,Theragra chalcogramma
62,Anoplopoma fimbria,Thysanoessa inermis
63,Anoplopoma fimbria,Thysanoessa raschii
64,Anoplopoma fimbria,Zoarcidae
65,Aptocyclus ventricosus,Ammodytes hexapterus
66,Aptocyclus ventricosus,Beroe sp.
67,Aptocyclus ventricosus,Ctenophora
68,Aptocyclus ventricosus,No Code
69,Aptocyclus ventricosus,Unidentified organic material
70,Atheresthes sp.,Theragra chalcogramma
71,Atheresthes stomias,Agonidae
72,Atheresthes stomias,Ammodytes hexapterus
73,Atheresthes stomias,Amphipoda Hyperiidea
74,Atheresthes stomias,Anoplopoma fimbria
75,Atheresthes stomias,Argis sp.
76,Atheresthes stomias,Aspidophoroides bartoni
77,Atheresthes stomias,Atheresthes stomias
78,Atheresthes stomias,Bathylagidae
79,Atheresthes stomias,Bathymaster signatus
80,Atheresthes stomias,Bathymasteridae
81,Atheresthes stomias,Bivalvia
82,Atheresthes stomias,Calanoida
83,Atheresthes stomias,Calanus sp.
84,Atheresthes stomias,Caridea
85,Atheresthes stomias,Cephalopoda
86,Atheresthes stomias,Chaetognatha
87,Atheresthes stomias,Chauliodus macouni
88,Atheresthes stomias,Clupea pallasi
89,Atheresthes stomias,Coregonus
90,Atheresthes stomias,Cottoidei
91,Atheresthes stomias,Crangon communis
92,Atheresthes stomias,Crangon dalli
93,Atheresthes stomias,Crangon sp.
94,Atheresthes stomias,Crangonidae
95,Atheresthes stomias,Crustacea
96,Atheresthes stomias,Echiura
97,Atheresthes stomias,Eualus sp.
98,Atheresthes stomias,Eucarida
99,Atheresthes stomias,Euphausiacea
100,Atheresthes stomias,Euphausiidae
101,Atheresthes stomias,Fishery discards
102,Atheresthes stomias,Flabellifera
103,Atheresthes stomias,Gadidae
104,Atheresthes stomias,Gadus macrocephalus
105,Atheresthes stomias,Gammaridea
106,Atheresthes stomias,Gonatus sp.
107,Atheresthes stomias,Hemilepidotus hemilepidotus
108,Atheresthes stomias,Hexagrammos decagrammus
109,Atheresthes stomias,Hippoglossoides elassodon
110,Atheresthes stomias,Hippoglossus stenolepis
111,Atheresthes stomias,Hippolytidae
112,Atheresthes stomias,Isopoda
113,Atheresthes stomias,Lepidopsetta sp.
114,Atheresthes stomias,Lumpenus maculatus
115,Atheresthes stomias,Malacostraca
116,Atheresthes stomias,Mallotus villosus
117,Atheresthes stomias,Myctophidae
118,Atheresthes stomias,Mysidacea Mysida
119,Atheresthes stomias,Mysidae
120,Atheresthes stomias,Natantia
121,Atheresthes stomias,No Code
122,Atheresthes stomias,Non-gadoid Fish Remains
123,Atheresthes stomias,Oncorhynchus keta
124,Atheresthes stomias,Oncorhynchus kisutch
125,Atheresthes stomias,Oncorhynchus nerka
126,Atheresthes stomias,Ophiuroidae Ophiurida
127,Atheresthes stomias,Osmeridae
128,Atheresthes stomias,Osteichthyes Teleostei
129,Atheresthes stomias,Paguridae
130,Atheresthes stomias,Pandalidae
131,Atheresthes stomias,Pandalopsis dispar
132,Atheresthes stomias,Pandalus borealis
133,Atheresthes stomias,Pandalus platyceros
134,Atheresthes stomias,Pandalus sp.
135,Atheresthes stomias,Pleurogrammus monopterygius
136,Atheresthes stomias,Pleuronectes asper
137,Atheresthes stomias,Pleuronectidae
138,Atheresthes stomias,Pleuronectiformes Pleuronectoidei
139,Atheresthes stomias,Podothecus acipenserinus
140,Atheresthes stomias,Polychaeta
141,Atheresthes stomias,Ronquilis jordani
142,Atheresthes stomias,Salmonidae
143,Atheresthes stomias,Sebastes sp.
144,Atheresthes stomias,Stichaeidae
145,Atheresthes stomias,Terebellida
146,Atheresthes stomias,Terebellidae
147,Atheresthes stomias,Teuthoidea
148,Atheresthes stomias,Thaleichthys pacificus
149,Atheresthes stomias,Themisto sp.
150,Atheresthes stomias,Theragra chalcogramma
151,Atheresthes stomias,Thysanoessa inermis
152,Atheresthes stomias,Thysanoessa sp.
153,Atheresthes stomias,Triglops sp.
154,Atheresthes stomias,Unidentified organic material
155,Atheresthes stomias,Vibilia sp.
156,Atheresthes stomias,Zoarcidae
157,Coryphaenoides pectoralis,Caridea
158,Coryphaenoides pectoralis,Osteichthyes Teleostei
159,Coryphaenoides pectoralis,Polychaeta
160,Coryphaenoides pectoralis,Teuthoidea
161,Errex zachirus,Caridea
162,Errex zachirus,Copepoda
163,Errex zachirus,Crangon sp.
164,Errex zachirus,Crustacea
165,Errex zachirus,Decapoda brachyura
166,Errex zachirus,Echiuridae
167,Errex zachirus,Euphausiacea
168,Errex zachirus,Gastropoda
169,Errex zachirus,No Code
170,Errex zachirus,Ophiuridae
171,Errex zachirus,Polychaeta
172,Errex zachirus,Unidentified material
173,Errex zachirus,Unidentified organic material
174,Gadus macrocephalus,Acantholithodes hispidus
175,Gadus macrocephalus,Agonidae
176,Gadus macrocephalus,Ammodytes hexapterus
177,Gadus macrocephalus,Ammodytes sp.
178,Gadus macrocephalus,Ampeliscidae
179,Gadus macrocephalus,Ampharetidae
180,Gadus macrocephalus,Amphipoda
181,Gadus macrocephalus,Anomura
182,Gadus macrocephalus,Anonyx sp.
183,Gadus macrocephalus,Anthozoa
184,Gadus macrocephalus,Aphroditidae
185,Gadus macrocephalus,Argis alaskensis
186,Gadus macrocephalus,Argis dentata
187,Gadus macrocephalus,Argis lar
188,Gadus macrocephalus,Argis ovifer
189,Gadus macrocephalus,Argis sp.
190,Gadus macrocephalus,Artacama sp.
191,Gadus macrocephalus,Artediellus sp.
192,Gadus macrocephalus,Artedius sp.
193,Gadus macrocephalus,Ascidiacea
194,Gadus macrocephalus,Asteriidae
195,Gadus macrocephalus,Asteroidea
196,Gadus macrocephalus,Asterotheca alascana
197,Gadus macrocephalus,Asterotheca pentacanthus
198,Gadus macrocephalus,Asterotheca sp.
199,Gadus macrocephalus,Atheresthes sp.
200,Gadus macrocephalus,Atheresthes stomias
201,Gadus macrocephalus,Balanomorpha
202,Gadus macrocephalus,Bathymaster signatus
203,Gadus macrocephalus,Bathymaster sp.
204,Gadus macrocephalus,Bivalvia
205,Gadus macrocephalus,Boltenia sp.
206,Gadus macrocephalus,Brada sp.
207,Gadus macrocephalus,Buccinidae
208,Gadus macrocephalus,Buccinum sp.
209,Gadus macrocephalus,Calanoida
210,Gadus macrocephalus,Cancer oregonensis
211,Gadus macrocephalus,Cancer sp.
212,Gadus macrocephalus,Caprellidea
213,Gadus macrocephalus,Cardiidae
214,Gadus macrocephalus,Caridea
215,Gadus macrocephalus,Cephalopoda
216,Gadus macrocephalus,Chionoecetes bairdi
217,Gadus macrocephalus,Chionoecetes opilio
218,Gadus macrocephalus,Chionoecetes sp.
219,Gadus macrocephalus,Cirripedia
220,Gadus macrocephalus,Clinocardium sp.
221,Gadus macrocephalus,Clinocardium sp.
222,Gadus macrocephalus,Clupea pallasi
223,Gadus macrocephalus,Clupea pallasi
224,Gadus macrocephalus,Colus halli
225,Gadus macrocephalus,Cottidae
226,Gadus macrocephalus,Crangon alaskensis
227,Gadus macrocephalus,Crangon communis
228,Gadus macrocephalus,Crangon dalli
229,Gadus macrocephalus,Crangon sp.
230,Gadus macrocephalus,Crangon stylirostris
231,Gadus macrocephalus,Crangonidae
232,Gadus macrocephalus,Crustacea
233,Gadus macrocephalus,Cryptacanthodes aleutensis
234,Gadus macrocephalus,Cryptacanthodidae
235,Gadus macrocephalus,Cumacea
236,Gadus macrocephalus,Cyclopteridae
237,Gadus macrocephalus,Dasycottus setiger
238,Gadus macrocephalus,Decapoda
239,Gadus macrocephalus,Decapoda brachyura
240,Gadus macrocephalus,Echinacea sp.
241,Gadus macrocephalus,Echinodermata
242,Gadus macrocephalus,Echiura
243,Gadus macrocephalus,Echiuroinea
244,Gadus macrocephalus,Echiurus echiurus
245,Gadus macrocephalus,Ectoprocta
246,Gadus macrocephalus,Elassachirus tenuimanus
247,Gadus macrocephalus,Elassochirus sp.
248,Gadus macrocephalus,Erimacrus isenbeckii
249,Gadus macrocephalus,Errex zachirus
250,Gadus macrocephalus,Eualus avinus
251,Gadus macrocephalus,Eualus barbata
252,Gadus macrocephalus,Eualus biunguis
253,Gadus macrocephalus,Eualus pusiolus
254,Gadus macrocephalus,Eualus sp.
255,Gadus macrocephalus,Eualus stoneyi
256,Gadus macrocephalus,Eualus townsendi
257,Gadus macrocephalus,Eumicrotremus orbis
258,Gadus macrocephalus,Euphausiacea
259,Gadus macrocephalus,Fish eggs
260,Gadus macrocephalus,Fishery discards
261,Gadus macrocephalus,Flabellifera
262,Gadus macrocephalus,Gadidae
263,Gadus macrocephalus,Galatheidae
264,Gadus macrocephalus,Gammaridea
265,Gadus macrocephalus,Gastropoda
266,Gadus macrocephalus,Golfingia margaritacea
267,Gadus macrocephalus,Goniadidae
268,Gadus macrocephalus,Gymnosomata
269,Gadus macrocephalus,Heptacarpus sp.
270,Gadus macrocephalus,Hexagrammidae
271,Gadus macrocephalus,Hippoglossis sp.
272,Gadus macrocephalus,Hippoglossoides elassodon
273,Gadus macrocephalus,Hippoglossoides robustus
274,Gadus macrocephalus,Hippoglossus stenolepis
275,Gadus macrocephalus,Hippolytidae
276,Gadus macrocephalus,Holmesiella anomala
277,Gadus macrocephalus,Hyas coarctatus
278,Gadus macrocephalus,Hyas lyratus
279,Gadus macrocephalus,Hyas sp.
280,Gadus macrocephalus,Hydrozoa
281,Gadus macrocephalus,Hyperiidae
282,Gadus macrocephalus,Icelidae
283,Gadus macrocephalus,Icelinus borealis
284,Gadus macrocephalus,Icelus spiniger
285,Gadus macrocephalus,Insecta
286,Gadus macrocephalus,Isaeidae
287,Gadus macrocephalus,Isopoda
288,Gadus macrocephalus,Lebbeus groenlandicus
289,Gadus macrocephalus,Lebbeus sp.
290,Gadus macrocephalus,Lepidopsetta sp.
291,Gadus macrocephalus,Leuconidae
292,Gadus macrocephalus,Lopholithodes foraminatus
293,Gadus macrocephalus,Lopholithodes sp.
294,Gadus macrocephalus,Lumpenella longirostris
295,Gadus macrocephalus,Lumpenus fabricii
296,Gadus macrocephalus,Lumpenus maculatus
297,Gadus macrocephalus,Lumpenus sp.
298,Gadus macrocephalus,Lycodes brevipes
299,Gadus macrocephalus,Lycodes diapterus
300,Gadus macrocephalus,Lycodes sp.
301,Gadus macrocephalus,Majidae
302,Gadus macrocephalus,Majidae legs
303,Gadus macrocephalus,Mallotus villosus
304,Gadus macrocephalus,Melinna
305,Gadus macrocephalus,Metacrangon munita
306,Gadus macrocephalus,Meterythrops sp.
307,Gadus macrocephalus,Microgadus proximus
308,Gadus macrocephalus,Mollusca
309,Gadus macrocephalus,Munida quadrispina
310,Gadus macrocephalus,Mya sp.
311,Gadus macrocephalus,Mysidae
312,Gadus macrocephalus,Natica sp.
313,Gadus macrocephalus,Neomysis rayii
314,Gadus macrocephalus,Neptunea sp.
315,Gadus macrocephalus,Neptuneidae
316,Gadus macrocephalus,Nereidae
317,Gadus macrocephalus,No Code
318,Gadus macrocephalus,Non-gadoid Fish Remains
319,Gadus macrocephalus,Nudibranchia dendronotoidea
320,Gadus macrocephalus,Octopoda
321,Gadus macrocephalus,Onuphidae
322,Gadus macrocephalus,Ophiura sp.
323,Gadus macrocephalus,Ophiuroidae Ophiurida
324,Gadus macrocephalus,Ophiuroidae ophiurida chilophiurina
325,Gadus macrocephalus,Oregonia bifurca
326,Gadus macrocephalus,Oregonia gracilis
327,Gadus macrocephalus,Oregonia sp.
328,Gadus macrocephalus,Osteichthyes Teleostei
329,Gadus macrocephalus,Paguridae
330,Gadus macrocephalus,Pagurus aleuticus
331,Gadus macrocephalus,Pagurus rathbuni
332,Gadus macrocephalus,Pagurus sp.
333,Gadus macrocephalus,Pandalidae
334,Gadus macrocephalus,Pandalopsis dispar
335,Gadus macrocephalus,Pandalopsis sp.
336,Gadus macrocephalus,Pandalus borealis
337,Gadus macrocephalus,Pandalus goniurus
338,Gadus macrocephalus,Pandalus jordani
339,Gadus macrocephalus,Pandalus montagui tridens
340,Gadus macrocephalus,Pandalus sp.
341,Gadus macrocephalus,Paralithodes sp.
342,Gadus macrocephalus,Pasiphaea pacifica
343,Gadus macrocephalus,Pectinariidae
344,Gadus macrocephalus,Pectinidae
345,Gadus macrocephalus,Phyllodocida
346,Gadus macrocephalus,Phyllodocidae
347,Gadus macrocephalus,Pinnixa sp.
348,Gadus macrocephalus,Pinnotheridae
349,Gadus macrocephalus,Placetron wosnessenskii
350,Gadus macrocephalus,Pleuronectidae
351,Gadus macrocephalus,Pleuronectiformes Pleuronectoidei
352,Gadus macrocephalus,Polychaeta
353,Gadus macrocephalus,Porifera
354,Gadus macrocephalus,Poroclinus rothrocki
355,Gadus macrocephalus,Pseudomma sp.
356,Gadus macrocephalus,Reptantia
357,Gadus macrocephalus,Rhynocrangon alata
358,Gadus macrocephalus,Rocks
359,Gadus macrocephalus,Sarritor frenatus
360,Gadus macrocephalus,Sclerocrangon
361,Gadus macrocephalus,Scorpaenidae
362,Gadus macrocephalus,Sebastolobus alascanus
363,Gadus macrocephalus,Serpulidae
364,Gadus macrocephalus,Sipuncula
365,Gadus macrocephalus,Spirontocaris arcuata
366,Gadus macrocephalus,Spirontocaris lamellicornis
367,Gadus macrocephalus,Spirontocaris ochotensis
368,Gadus macrocephalus,Spirontocaris sp.
369,Gadus macrocephalus,Stichaeidae
370,Gadus macrocephalus,Strongylocentrotus sp.
371,Gadus macrocephalus,Teuthoidea
372,Gadus macrocephalus,Teuthoidea Myopsida
373,Gadus macrocephalus,Thaleichthys pacificus
374,Gadus macrocephalus,Themisto sp.
375,Gadus macrocephalus,Theragra chalcogramma
376,Gadus macrocephalus,Thysanoessa spinifera
377,Gadus macrocephalus,Trichodon trichodon
378,Gadus macrocephalus,Unidentified algae
379,Gadus macrocephalus,Unidentified eggs
380,Gadus macrocephalus,Unidentified material
381,Gadus macrocephalus,Unidentified tube
382,Gadus macrocephalus,Unidentified worm-like organism
383,Gadus macrocephalus,Wood
384,Gadus macrocephalus,Zoarcidae
385,Hemilepidotus jordani,Bivalvia
386,Hemilepidotus jordani,Caridea
387,Hemilepidotus jordani,Chionoecetes bairdi
388,Hemilepidotus jordani,Osteichthyes Teleostei
389,Hemilepidotus jordani,Paguridae
390,Hemilepidotus jordani,Polychaeta
391,Hemitripterus bolini,Theragra chalcogramma
392,Hippoglossoides elassodon,Amphipoda Hyperiidea
393,Hippoglossoides elassodon,Aphroditidae
394,Hippoglossoides elassodon,Arabellidae
395,Hippoglossoides elassodon,Argis lar
396,Hippoglossoides elassodon,Bivalvia
397,Hippoglossoides elassodon,Cancer magister
398,Hippoglossoides elassodon,Caridea
399,Hippoglossoides elassodon,Chionoecetes sp.
400,Hippoglossoides elassodon,Crangon communis
401,Hippoglossoides elassodon,Crangon sp.
402,Hippoglossoides elassodon,Crangonidae
403,Hippoglossoides elassodon,Crustacea
404,Hippoglossoides elassodon,Cumacea
405,Hippoglossoides elassodon,Eualus sp.
406,Hippoglossoides elassodon,Euphausia pacifica
407,Hippoglossoides elassodon,Euphausia sp.
408,Hippoglossoides elassodon,Euphausiidae
409,Hippoglossoides elassodon,Gammaridea
410,Hippoglossoides elassodon,Hippoglossoides elassodon
411,Hippoglossoides elassodon,Hippolytidae
412,Hippoglossoides elassodon,Isopoda
413,Hippoglossoides elassodon,Lumpenus sagitta
414,Hippoglossoides elassodon,Macoma sp.
415,Hippoglossoides elassodon,Malacocottus kincaidi
416,Hippoglossoides elassodon,Maldanidae
417,Hippoglossoides elassodon,Mallotus villosus
418,Hippoglossoides elassodon,Mysidae
419,Hippoglossoides elassodon,Natantia
420,Hippoglossoides elassodon,Nephtyidae
421,Hippoglossoides elassodon,No Code
422,Hippoglossoides elassodon,Non-gadoid Fish Remains
423,Hippoglossoides elassodon,Nucula sp.
424,Hippoglossoides elassodon,Nuculana sp.
425,Hippoglossoides elassodon,Nuculidae
426,Hippoglossoides elassodon,Ophiuroidea Euryalina
427,Hippoglossoides elassodon,Osteichthyes Teleostei
428,Hippoglossoides elassodon,Paguridae
429,Hippoglossoides elassodon,Pandalidae
430,Hippoglossoides elassodon,Pandalus borealis
431,Hippoglossoides elassodon,Pandalus sp.
432,Hippoglossoides elassodon,Pinnixa sp.
433,Hippoglossoides elassodon,Polychaeta
434,Hippoglossoides elassodon,Polynoidae
435,Hippoglossoides elassodon,Reptantia
436,Hippoglossoides elassodon,Tapes sp.
437,Hippoglossoides elassodon,Theragra chalcogramma
438,Hippoglossoides elassodon,Thysanoessa sp.
439,Hippoglossoides elassodon,Unidentified tube
440,Hippoglossoides elassodon,Yoldia sp.
441,Hippoglossus stenolepis,Acantholithodes hispidus
442,Hippoglossus stenolepis,Acanthomysis dybowskii
443,Hippoglossus stenolepis,Agonidae
444,Hippoglossus stenolepis,Ammodytes hexapterus
445,Hippoglossus stenolepis,Anomura
446,Hippoglossus stenolepis,Anoplagonus inermis
447,Hippoglossus stenolepis,Anthozoa
448,Hippoglossus stenolepis,Anthozoa
449,Hippoglossus stenolepis,Arcturidae
450,Hippoglossus stenolepis,Argis dentata
451,Hippoglossus stenolepis,Argis levior
452,Hippoglossus stenolepis,Artediellus sp.
453,Hippoglossus stenolepis,Asteroidea
454,Hippoglossus stenolepis,Atheresthes stomias
455,Hippoglossus stenolepis,Aves
456,Hippoglossus stenolepis,Bathymaster signatus
457,Hippoglossus stenolepis,Bivalvia
458,Hippoglossus stenolepis,Boreogadus saida
459,Hippoglossus stenolepis,Buccinum sp.
460,Hippoglossus stenolepis,Cancer oregonensis
461,Hippoglossus stenolepis,Capitellida
462,Hippoglossus stenolepis,Caridea
463,Hippoglossus stenolepis,Caridea
464,Hippoglossus stenolepis,Cephalopoda
465,Hippoglossus stenolepis,Chionoecetes bairdi
466,Hippoglossus stenolepis,Chionoecetes sp.
467,Hippoglossus stenolepis,Clypeasteridae
468,Hippoglossus stenolepis,Cottidae
469,Hippoglossus stenolepis,Crangon alaskensis
470,Hippoglossus stenolepis,Crangon alba
471,Hippoglossus stenolepis,Crangon communis
472,Hippoglossus stenolepis,Crangon dalli
473,Hippoglossus stenolepis,Crangon sp.
474,Hippoglossus stenolepis,Crangonidae
475,Hippoglossus stenolepis,Cyclopteridae
476,Hippoglossus stenolepis,Decapoda
477,Hippoglossus stenolepis,Diastylis sp.
478,Hippoglossus stenolepis,Echiurus echiurus
479,Hippoglossus stenolepis,Elassachirus tenuimanus
480,Hippoglossus stenolepis,Elassochirus cavimanus
481,Hippoglossus stenolepis,Elassochirus sp.
482,Hippoglossus stenolepis,Eualus suckleyi
483,Hippoglossus stenolepis,Fishery discards
484,Hippoglossus stenolepis,Fusitriton oregonensis
485,Hippoglossus stenolepis,Gadidae
486,Hippoglossus stenolepis,Gadus macrocephalus
487,Hippoglossus stenolepis,Gammaridea
488,Hippoglossus stenolepis,Gastropoda
489,Hippoglossus stenolepis,Gonatus magister
490,Hippoglossus stenolepis,Gymnolaemata Cheilostomata
491,Hippoglossus stenolepis,Hemilepidotus jordani
492,Hippoglossus stenolepis,Hemilepidotus sp.
493,Hippoglossus stenolepis,Heptacarpus stylus
494,Hippoglossus stenolepis,Heptacarpus tridens
495,Hippoglossus stenolepis,Hippoglossoides elassodon
496,Hippoglossus stenolepis,Hippoglossus stenolepis
497,Hippoglossus stenolepis,Hippolytidae
498,Hippoglossus stenolepis,Holothuroidea
499,Hippoglossus stenolepis,Hyas lyratus
500,Hippoglossus stenolepis,Hyas sp.
501,Hippoglossus stenolepis,Icelinus borealis
502,Hippoglossus stenolepis,Icelus sp.
503,Hippoglossus stenolepis,Lebbeus grandimanus
504,Hippoglossus stenolepis,Lebbeus groenlandicus
505,Hippoglossus stenolepis,Lepidopsetta sp.
506,Hippoglossus stenolepis,Liparis sp.
507,Hippoglossus stenolepis,Lithodidae
508,Hippoglossus stenolepis,Lopholithodes foraminatus
509,Hippoglossus stenolepis,Lopholithodes mandtii
510,Hippoglossus stenolepis,Lycodes brevipes
511,Hippoglossus stenolepis,Lycodes palearis
512,Hippoglossus stenolepis,Lysianassidae
513,Hippoglossus stenolepis,Majidae
514,Hippoglossus stenolepis,Malacocottus kincaidi
515,Hippoglossus stenolepis,Mallotus villosus
516,Hippoglossus stenolepis,Metacrangon sp.
517,Hippoglossus stenolepis,Microstomus pacificus
518,Hippoglossus stenolepis,Modulus modulus
519,Hippoglossus stenolepis,Mollusca
520,Hippoglossus stenolepis,Munida quadrispina
521,Hippoglossus stenolepis,Mytilidae
522,Hippoglossus stenolepis,Naticidae
523,Hippoglossus stenolepis,No Code
524,Hippoglossus stenolepis,Non-gadoid Fish Remains
525,Hippoglossus stenolepis,Nuculana fossa
526,Hippoglossus stenolepis,Nuculana sp.
527,Hippoglossus stenolepis,Octopoda
528,Hippoglossus stenolepis,Oncorhynchus kisutch
529,Hippoglossus stenolepis,Oncorhynchus sp.
530,Hippoglossus stenolepis,Ophiuroidea
531,Hippoglossus stenolepis,Oregonia gracilis
532,Hippoglossus stenolepis,Osteichthyes Teleostei
533,Hippoglossus stenolepis,Paguridae
534,Hippoglossus stenolepis,Pagurus aleuticus
535,Hippoglossus stenolepis,Pagurus kennerlyi
536,Hippoglossus stenolepis,Pagurus ochotensis
537,Hippoglossus stenolepis,Pagurus rathbuni
538,Hippoglossus stenolepis,Pagurus sp.
539,Hippoglossus stenolepis,Pandalidae
540,Hippoglossus stenolepis,Pandalus borealis
541,Hippoglossus stenolepis,Pandalus montagui tridens
542,Hippoglossus stenolepis,Pandalus sp.
543,Hippoglossus stenolepis,Pandalus stenolepis
544,Hippoglossus stenolepis,Pasiphaeidaea
545,Hippoglossus stenolepis,Phaeophyta
546,Hippoglossus stenolepis,Pholis clemensi
547,Hippoglossus stenolepis,Phyllolithodes papillosus
548,Hippoglossus stenolepis,Pinnixa sp.
549,Hippoglossus stenolepis,Pinnotheridae
550,Hippoglossus stenolepis,Pleuronectes asper
551,Hippoglossus stenolepis,Pleuronectidae
552,Hippoglossus stenolepis,Polychaeta
553,Hippoglossus stenolepis,Polynoidae
554,Hippoglossus stenolepis,Pugettia gracilis
555,Hippoglossus stenolepis,Reptantia
556,Hippoglossus stenolepis,Rhinolithodes wosnessenskii
557,Hippoglossus stenolepis,Rhynocrangon alata
558,Hippoglossus stenolepis,Sarritor frenatus
559,Hippoglossus stenolepis,Scorpaenidae
560,Hippoglossus stenolepis,Sebastes alutus
561,Hippoglossus stenolepis,Spirontocaris arcuata
562,Hippoglossus stenolepis,Spirontocaris lamellicornis
563,Hippoglossus stenolepis,Spirontocaris prionota
564,Hippoglossus stenolepis,Spirontocaris sp.
565,Hippoglossus stenolepis,Stichaeidae
566,Hippoglossus stenolepis,Teuthoidea Myopsida
567,Hippoglossus stenolepis,Thaleichthys pacificus
568,Hippoglossus stenolepis,Theragra chalcogramma
569,Hippoglossus stenolepis,Trichobranchidae
570,Hippoglossus stenolepis,Triglops pingeli
571,Hippoglossus stenolepis,Triglops pingeli
572,Hippoglossus stenolepis,Unidentified algae
573,Hippoglossus stenolepis,Unidentified material
574,Hippoglossus stenolepis,Unidentified worm-like organism
575,Hippoglossus stenolepis,Yoldia sp.
576,Hippoglossus stenolepis,Zaprora silenus
577,Lepidopsetta bilineata,Ampeliscidae
578,Lepidopsetta bilineata,Anthozoa
579,Lepidopsetta bilineata,Bivalvia
580,Lepidopsetta bilineata,Brachiopoda
581,Lepidopsetta bilineata,Calanoida
582,Lepidopsetta bilineata,Caprellidea
583,Lepidopsetta bilineata,Caridea
584,Lepidopsetta bilineata,Chionoecetes sp.
585,Lepidopsetta bilineata,Crangonidae
586,Lepidopsetta bilineata,Cumacea
587,Lepidopsetta bilineata,Decapoda brachyura
588,Lepidopsetta bilineata,Echinoidea
589,Lepidopsetta bilineata,Echiura
590,Lepidopsetta bilineata,Gadus macrocephalus
591,Lepidopsetta bilineata,Gammaridea
592,Lepidopsetta bilineata,Gastropoda
593,Lepidopsetta bilineata,Glyceridae
594,Lepidopsetta bilineata,Hippoglossus stenolepis
595,Lepidopsetta bilineata,Hirudinea
596,Lepidopsetta bilineata,Holothuroidea
597,Lepidopsetta bilineata,Hyas sp.
598,Lepidopsetta bilineata,Hypsagonus quadricornis
599,Lepidopsetta bilineata,Isopoda
600,Lepidopsetta bilineata,Majidae
601,Lepidopsetta bilineata,Maldanidae
602,Lepidopsetta bilineata,No Code
603,Lepidopsetta bilineata,Onuphidae
604,Lepidopsetta bilineata,Opheliidae
605,Lepidopsetta bilineata,Ophiura sarsi
606,Lepidopsetta bilineata,Ophiuroidae Ophiurida
607,Lepidopsetta bilineata,Oregonia sp.
608,Lepidopsetta bilineata,Paguridae
609,Lepidopsetta bilineata,Pectinidae
610,Lepidopsetta bilineata,Pinnotheridae
611,Lepidopsetta bilineata,Pleuronectidae
612,Lepidopsetta bilineata,Polychaeta
613,Lepidopsetta bilineata,Sand dollar
614,Lepidopsetta bilineata,Sebastes sp.
615,Lepidopsetta bilineata,Sipuncula
616,Lepidopsetta bilineata,Unidentified organic material
617,Lepidopsetta bilineata,Urochordata
618,Lepidopsetta polyxystra,Ampeliscidae
619,Lepidopsetta polyxystra,Anthozoa
620,Lepidopsetta polyxystra,Ascidiacea
621,Lepidopsetta polyxystra,Bivalvia
622,Lepidopsetta polyxystra,Brachiopoda
623,Lepidopsetta polyxystra,Calanoida
624,Lepidopsetta polyxystra,Caprellidea
625,Lepidopsetta polyxystra,Caridea
626,Lepidopsetta polyxystra,Chionoecetes bairdi
627,Lepidopsetta polyxystra,Chlamys sp.
628,Lepidopsetta polyxystra,Cottidae
629,Lepidopsetta polyxystra,Crangonidae
630,Lepidopsetta polyxystra,Crustacea
631,Lepidopsetta polyxystra,Cumacea
632,Lepidopsetta polyxystra,Decapoda brachyura
633,Lepidopsetta polyxystra,Echinoidea
634,Lepidopsetta polyxystra,Echiura
635,Lepidopsetta polyxystra,Erimacrus isenbeckii
636,Lepidopsetta polyxystra,Euphausiacea
637,Lepidopsetta polyxystra,Flabelligeridae
638,Lepidopsetta polyxystra,Gammaridea
639,Lepidopsetta polyxystra,Gastropoda
640,Lepidopsetta polyxystra,Glyceridae
641,Lepidopsetta polyxystra,Hippolytidae
642,Lepidopsetta polyxystra,Holothuroidea
643,Lepidopsetta polyxystra,Isopoda
644,Lepidopsetta polyxystra,Majidae
645,Lepidopsetta polyxystra,Maldanidae
646,Lepidopsetta polyxystra,No Code
647,Lepidopsetta polyxystra,Onuphidae
648,Lepidopsetta polyxystra,Opheliidae
649,Lepidopsetta polyxystra,Ophiuroidae Ophiurida
650,Lepidopsetta polyxystra,Oregonia sp.
651,Lepidopsetta polyxystra,Osteichthyes Teleostei
652,Lepidopsetta polyxystra,Paguridae
653,Lepidopsetta polyxystra,Pectinidae
654,Lepidopsetta polyxystra,Pentamera sp.
655,Lepidopsetta polyxystra,Polychaeta
656,Lepidopsetta polyxystra,Polynoidae
657,Lepidopsetta polyxystra,Priapulida
658,Lepidopsetta polyxystra,Pteropoda
659,Lepidopsetta polyxystra,Reptantia
660,Lepidopsetta polyxystra,Sebastes sp.
661,Lepidopsetta polyxystra,Sipuncula
662,Lepidopsetta polyxystra,Telmessus cheiragonus
663,Lepidopsetta polyxystra,Teuthoidea
664,Lepidopsetta polyxystra,Thysanoessa raschii
665,Lepidopsetta polyxystra,Unidentified organic material
666,Lepidopsetta polyxystra,Unidentified worm-like organism
667,Lepidopsetta sp.,Anomura
668,Lepidopsetta sp.,Caridea
669,Lepidopsetta sp.,Chionoecetes sp.
670,Lepidopsetta sp.,Clypeasteridae
671,Lepidopsetta sp.,Crangonidae
672,Lepidopsetta sp.,Echiura
673,Lepidopsetta sp.,Mallotus villosus
674,Lepidopsetta sp.,No Code
675,Lepidopsetta sp.,Polychaeta
676,Microstomus pacificus,Amphipoda
677,Microstomus pacificus,Annelida
678,Microstomus pacificus,Anthozoa
679,Microstomus pacificus,Asteroidea
680,Microstomus pacificus,Bivalvia
681,Microstomus pacificus,Caridea
682,Microstomus pacificus,Chionoecetes sp.
683,Microstomus pacificus,Crustacea
684,Microstomus pacificus,Echiura
685,Microstomus pacificus,Holothuroidea
686,Microstomus pacificus,No Code
687,Microstomus pacificus,Ophiuroidae Ophiurida
688,Microstomus pacificus,Osteichthyes Teleostei
689,Microstomus pacificus,Polychaeta
690,Microstomus pacificus,Unidentified organic material
691,Oncorhynchus tshawytscha,Ammodytes hexapterus
692,Oncorhynchus tshawytscha,Caridea
693,Oncorhynchus tshawytscha,Euphausiacea
694,Oncorhynchus tshawytscha,No Code
695,Oncorhynchus tshawytscha,Teuthoidea
696,Oncorhynchus tshawytscha,Theragra chalcogramma
697,Pleurogrammus monopterygius,Bivalvia
698,Pleurogrammus monopterygius,Calanoida
699,Pleurogrammus monopterygius,Cottidae
700,Pleurogrammus monopterygius,Euphausiacea
701,Pleurogrammus monopterygius,Gastropoda
702,Pleurogrammus monopterygius,No Code
703,Pleurogrammus monopterygius,Osteichthyes Teleostei
704,Pleurogrammus monopterygius,Pleuronectidae
705,Pleurogrammus monopterygius,Polychaeta
706,Pleurogrammus monopterygius,Pteropoda
707,Pleurogrammus monopterygius,Ronquilis jordani
708,Pleurogrammus monopterygius,Scyphozoa
709,Pleurogrammus monopterygius,Themisto sp.
710,Pleuronectes asper,Clypeasteridae
711,Pleuronectes asper,Cumacea
712,Pleuronectes asper,Gammaridea
713,Pleuronectes asper,No Code
714,Pleuronectes asper,Osteichthyes Teleostei
715,Pleuronectes asper,Polychaeta
716,Sebastes aleutianus,Ampeliscidae
717,Sebastes aleutianus,Argis lar
718,Sebastes aleutianus,Calanoida
719,Sebastes aleutianus,Caridea
720,Sebastes aleutianus,Cephalopoda
721,Sebastes aleutianus,Chionoecetes bairdi
722,Sebastes aleutianus,Chionoecetes sp.
723,Sebastes aleutianus,Crangon communis
724,Sebastes aleutianus,Crangonidae
725,Sebastes aleutianus,Cumacea
726,Sebastes aleutianus,Cyclopteridae
727,Sebastes aleutianus,Eualus avinus
728,Sebastes aleutianus,Euphausiacea
729,Sebastes aleutianus,Flabellifera
730,Sebastes aleutianus,Gammaridea
731,Sebastes aleutianus,Gnathophausia gigas
732,Sebastes aleutianus,Hippolytidae
733,Sebastes aleutianus,Holmesiella anomala
734,Sebastes aleutianus,Isopoda
735,Sebastes aleutianus,Lysianassidae
736,Sebastes aleutianus,Meterythrops robusta
737,Sebastes aleutianus,Mysidae
738,Sebastes aleutianus,Neomysis czerniawskii
739,Sebastes aleutianus,Neomysis rayii
740,Sebastes aleutianus,No Code
741,Sebastes aleutianus,Non-gadoid Fish Remains
742,Sebastes aleutianus,Osteichthyes Teleostei
743,Sebastes aleutianus,Paguridae
744,Sebastes aleutianus,Pandalidae
745,Sebastes aleutianus,Pandalus borealis
746,Sebastes aleutianus,Pandalus montagui tridens
747,Sebastes aleutianus,Pandalus sp.
748,Sebastes aleutianus,Pinnotheridae
749,Sebastes aleutianus,Pleuronectidae
750,Sebastes aleutianus,Polychaeta
751,Sebastes aleutianus,Pseudomma truncatum
752,Sebastes aleutianus,Sagitta sp.
753,Sebastes aleutianus,Teuthoidea
754,Sebastes aleutianus,Teuthoidea oegopsida
755,Sebastes aleutianus,Themisto abyssorum
756,Sebastes aleutianus,Themisto sp.
757,Sebastes aleutianus,Thysanoessa inermis
758,Sebastes alutus,Acanthomysis dybowskii
759,Sebastes alutus,Acanthomysis pseudomacropsis
760,Sebastes alutus,Ampeliscidae
761,Sebastes alutus,Atheresthes stomias
762,Sebastes alutus,Calanoida
763,Sebastes alutus,Caridea
764,Sebastes alutus,Chauliodus macouni
765,Sebastes alutus,Chionoecetes sp.
766,Sebastes alutus,Crangonidae
767,Sebastes alutus,Cyclopteridae
768,Sebastes alutus,Diastylis sp.
769,Sebastes alutus,Euphausiacea
770,Sebastes alutus,Gammaridea
771,Sebastes alutus,Gymnosomata
772,Sebastes alutus,Holmesiella anomala
773,Sebastes alutus,Meterythrops robusta
774,Sebastes alutus,Mysidae
775,Sebastes alutus,Neocalanus cristatus
776,Sebastes alutus,Neomysis czerniawskii
777,Sebastes alutus,No Code
778,Sebastes alutus,Non-gadoid Fish Remains
779,Sebastes alutus,Octopoda
780,Sebastes alutus,Osteichthyes Teleostei
781,Sebastes alutus,Paguridae
782,Sebastes alutus,Pandalidae
783,Sebastes alutus,Pandalus borealis
784,Sebastes alutus,Pandalus montagui tridens
785,Sebastes alutus,Pandalus sp.
786,Sebastes alutus,Pasiphaeidaea
787,Sebastes alutus,Sagitta sp.
788,Sebastes alutus,Stenobrachius leucopsarus
789,Sebastes alutus,Stichaeidae
790,Sebastes alutus,Teuthoidea Myopsida
791,Sebastes alutus,Themisto sp.
792,Sebastes alutus,Thysanoessa inermis
793,Sebastes alutus,Thysanoessa raschii
794,Sebastes alutus,Thysanoessa spinifera
795,Sebastes borealis,Bathylagus stilbius
796,Sebastes borealis,Caridea
797,Sebastes borealis,No Code
798,Sebastes borealis,Teuthoidea
799,Sebastes borealis,Unidentified material
800,Sebastes borealis,Unidentified organic material
801,Sebastes ciliatus,Ampeliscidae
802,Sebastes ciliatus,Calanoida
803,Sebastes ciliatus,Cancer sp.
804,Sebastes ciliatus,Caridea
805,Sebastes ciliatus,Cephalopoda
806,Sebastes ciliatus,Euphausiacea
807,Sebastes ciliatus,Gammaridea
808,Sebastes ciliatus,Gastropoda
809,Sebastes ciliatus,Hippolytidae
810,Sebastes ciliatus,Larvacea Copelata
811,Sebastes ciliatus,Neocalanus cristatus
812,Sebastes ciliatus,Neomysis czerniawskii
813,Sebastes ciliatus,No Code
814,Sebastes ciliatus,Paguridae
815,Sebastes ciliatus,Pandalidae
816,Sebastes ciliatus,Sagitta sp.
817,Sebastes ciliatus,Teuthoidea oegopsida
818,Sebastes ciliatus,Themisto sp.
819,Sebastes ciliatus,Thysanoessa inermis
820,Sebastes ciliatus,Thysanoessa spinifera
821,Sebastes maliger,Ammodytes hexapterus
822,Sebastes maliger,Crangonidae
823,Sebastes maliger,Fishery discards
824,Sebastes maliger,Gammaridea
825,Sebastes maliger,Hippolytidae
826,Sebastes maliger,No Code
827,Sebastes maliger,Non-gadoid Fish Remains
828,Sebastes maliger,Overboard material
829,Sebastes maliger,Thaliacea
830,Sebastes maliger,Urochordata
831,Sebastes pinniger,No Code
832,Sebastes polyspinis,Atheresthes stomias
833,Sebastes polyspinis,Calanoida
834,Sebastes polyspinis,Caridea
835,Sebastes polyspinis,Cephalopoda
836,Sebastes polyspinis,Chionoecetes sp.
837,Sebastes polyspinis,Euphausiacea
838,Sebastes polyspinis,Gammaridea
839,Sebastes polyspinis,Gastropoda
840,Sebastes polyspinis,Neocalanus cristatus
841,Sebastes polyspinis,No Code
842,Sebastes polyspinis,Non-gadoid Fish Remains
843,Sebastes polyspinis,Paguridae
844,Sebastes polyspinis,Sagitta sp.
845,Sebastes polyspinis,Teuthoidea oegopsida
846,Sebastes polyspinis,Themisto sp.
847,Sebastes polyspinis,Thysanoessa inermis
848,Sebastes polyspinis,Thysanoessa spinifera
849,Sebastes ruberrimus,No Code
850,Sebastes ruberrimus,Theragra chalcogramma
851,Sebastes variegatus,Euphausiacea
852,Sebastes variegatus,No Code
853,Sebastes variegatus,Scyphozoa
854,Sebastes zacentrus,Calanoida
855,Sebastes zacentrus,Candacia columbiae
856,Sebastes zacentrus,Chaetognatha
857,Sebastes zacentrus,Crangonidae
858,Sebastes zacentrus,Euphausiacea
859,Sebastes zacentrus,Gammaridea
860,Sebastes zacentrus,Gymnosomata
861,Sebastes zacentrus,No Code
862,Sebastes zacentrus,Themisto sp.
863,Sebastolobus alascanus,Ampelisca sp.
864,Sebastolobus alascanus,Ampeliscidae
865,Sebastolobus alascanus,Aphroditidae
866,Sebastolobus alascanus,Argis ovifer
867,Sebastolobus alascanus,Bivalvia
868,Sebastolobus alascanus,Calanoida
869,Sebastolobus alascanus,Caridea
870,Sebastolobus alascanus,Cherilia longipes
871,Sebastolobus alascanus,Chionoecetes bairdi
872,Sebastolobus alascanus,Crangon communis
873,Sebastolobus alascanus,Crangonidae
874,Sebastolobus alascanus,Eualus avinus
875,Sebastolobus alascanus,Eualus barbata
876,Sebastolobus alascanus,Eualus biunguis
877,Sebastolobus alascanus,Euphausiacea
878,Sebastolobus alascanus,Gammaridea
879,Sebastolobus alascanus,Gastropoda
880,Sebastolobus alascanus,Heptacarpus sp.
881,Sebastolobus alascanus,Hippolytidae
882,Sebastolobus alascanus,Holmesiella anomala
883,Sebastolobus alascanus,Hyas sp.
884,Sebastolobus alascanus,Icelinus borealis
885,Sebastolobus alascanus,Lithodidae
886,Sebastolobus alascanus,Lysianassidae
887,Sebastolobus alascanus,Mallotus villosus
888,Sebastolobus alascanus,Meterythrops robusta
889,Sebastolobus alascanus,Mysidae
890,Sebastolobus alascanus,Neomysis czerniawskii
891,Sebastolobus alascanus,No Code
892,Sebastolobus alascanus,Non-gadoid Fish Remains
893,Sebastolobus alascanus,Oregonia gracilis
894,Sebastolobus alascanus,Osteichthyes Teleostei
895,Sebastolobus alascanus,Paguridae
896,Sebastolobus alascanus,Pandalidae
897,Sebastolobus alascanus,Pandalus borealis
898,Sebastolobus alascanus,Pandalus jordani
899,Sebastolobus alascanus,Pandalus montagui tridens
900,Sebastolobus alascanus,Pandalus sp.
901,Sebastolobus alascanus,Pasiphaeidaea
902,Sebastolobus alascanus,Pinnotheridae
903,Sebastolobus alascanus,Polychaeta
904,Sebastolobus alascanus,Pseudomma truncatum
905,Sebastolobus alascanus,Pugettia richii
906,Sebastolobus alascanus,Teuthoidea
907,Sebastolobus alascanus,Theragra chalcogramma
908,Sebastolobus alascanus,Zoarcidae
909,Somniosus pacificus,Atheresthes stomias
910,Somniosus pacificus,Cephalopoda
911,Somniosus pacificus,Crangonidae
912,Somniosus pacificus,Fishery discards
913,Somniosus pacificus,Fusitriton oregonensis
914,Somniosus pacificus,Gadidae
915,Somniosus pacificus,Gastropoda
916,Somniosus pacificus,Hippoglossoides elassodon
917,Somniosus pacificus,No Code
918,Somniosus pacificus,Octopoda
919,Somniosus pacificus,Oncorhynchus sp.
920,Somniosus pacificus,Osteichthyes Teleostei
921,Somniosus pacificus,Paguridae
922,Somniosus pacificus,Pleuronectidae
923,Somniosus pacificus,Sebastes sp.
924,Somniosus pacificus,Teuthoidea
925,Somniosus pacificus,Theragra chalcogramma
926,Theragra chalcogramma,Acanthomysis marcropsis
927,Theragra chalcogramma,Acanthomysis pseudomacropsis
928,Theragra chalcogramma,Ammodytes hexapterus
929,Theragra chalcogramma,Ampelisca sp.
930,Theragra chalcogramma,Ampeliscidae
931,Theragra chalcogramma,Amphipoda
932,Theragra chalcogramma,Amphipoda Hyperiidea
933,Theragra chalcogramma,Anoplagonus inermis
934,Theragra chalcogramma,Atelecyclidae
935,Theragra chalcogramma,Atheresthes stomias
936,Theragra chalcogramma,Bathylagidae
937,Theragra chalcogramma,Berryteuthis magister
938,Theragra chalcogramma,Bivalvia
939,Theragra chalcogramma,Calanoida
940,Theragra chalcogramma,Cancer sp.
941,Theragra chalcogramma,Cancridae
942,Theragra chalcogramma,Candacia sp.
943,Theragra chalcogramma,Caridea
944,Theragra chalcogramma,Cephalopoda
945,Theragra chalcogramma,Chauliodontidae
946,Theragra chalcogramma,Chionoecetes bairdi
947,Theragra chalcogramma,Chionoecetes sp.
948,Theragra chalcogramma,Clupea pallasi
949,Theragra chalcogramma,Cottidae
950,Theragra chalcogramma,Crangon communis
951,Theragra chalcogramma,Crangon sp.
952,Theragra chalcogramma,Crangonidae
953,Theragra chalcogramma,Cryptacanthodes aleutensis
954,Theragra chalcogramma,Ctenodiscus crispatus
955,Theragra chalcogramma,Cumacea
956,Theragra chalcogramma,Cyclopteridae
957,Theragra chalcogramma,Decapoda
958,Theragra chalcogramma,Echinoidea Clypeasteroida
959,Theragra chalcogramma,Echinozoa
960,Theragra chalcogramma,Echiurus sp.
961,Theragra chalcogramma,Eualus avinus
962,Theragra chalcogramma,Eualus barbata
963,Theragra chalcogramma,Eucalanus bungii
964,Theragra chalcogramma,Eunicida
965,Theragra chalcogramma,Euphausia sp.
966,Theragra chalcogramma,Euphausiacea
967,Theragra chalcogramma,Euphausiidae
968,Theragra chalcogramma,Euphrosinidae
969,Theragra chalcogramma,Fishery discards
970,Theragra chalcogramma,Gadidae
971,Theragra chalcogramma,Gadus macrocephalus
972,Theragra chalcogramma,Gammaridea
973,Theragra chalcogramma,Gastropoda
974,Theragra chalcogramma,Glyceriformia
975,Theragra chalcogramma,Gonatidae
976,Theragra chalcogramma,Gymnosomata
977,Theragra chalcogramma,Hippoglossoides elassodon
978,Theragra chalcogramma,Hippolytidae
979,Theragra chalcogramma,Holmesiella anomala
980,Theragra chalcogramma,Hyperiidae
981,Theragra chalcogramma,Isopoda
982,Theragra chalcogramma,Lampropidae
983,Theragra chalcogramma,Larvacea Copelata
984,Theragra chalcogramma,Leucon sp.
985,Theragra chalcogramma,Leuconidae
986,Theragra chalcogramma,Lumpenus fabricii
987,Theragra chalcogramma,Lumpenus maculatus
988,Theragra chalcogramma,Majidae
989,Theragra chalcogramma,Malacostraca Leptostraca
990,Theragra chalcogramma,Mallotus villosus
991,Theragra chalcogramma,Meterythrops robusta
992,Theragra chalcogramma,Meterythrops sp.
993,Theragra chalcogramma,Microstomus pacificus
994,Theragra chalcogramma,Mysidae
995,Theragra chalcogramma,Neocalanus cristatus
996,Theragra chalcogramma,Neomysis czerniawskii
997,Theragra chalcogramma,Neomysis rayii
998,Theragra chalcogramma,No Code
999,Theragra chalcogramma,No Code
1000,Theragra chalcogramma,Non-gadoid Fish Remains
1001,Theragra chalcogramma,Octopoda
1002,Theragra chalcogramma,Octopodidae
1003,Theragra chalcogramma,Oikopleura sp.
1004,Theragra chalcogramma,Osmeridae
1005,Theragra chalcogramma,Osteichthyes Teleostei
1006,Theragra chalcogramma,Paguridae
1007,Theragra chalcogramma,Pandalidae
1008,Theragra chalcogramma,Pandalopsis sp.
1009,Theragra chalcogramma,Pandalus borealis
1010,Theragra chalcogramma,Pandalus goniurus
1011,Theragra chalcogramma,Pandalus jordani
1012,Theragra chalcogramma,Pandalus sp.
1013,Theragra chalcogramma,Pasiphaea pacifica
1014,Theragra chalcogramma,Pasiphaeidaea
1015,Theragra chalcogramma,Peracarida Mysidacea
1016,Theragra chalcogramma,Pinnixa sp.
1017,Theragra chalcogramma,Platichthys stellatus
1018,Theragra chalcogramma,Pleuronectidae
1019,Theragra chalcogramma,Polychaeta
1020,Theragra chalcogramma,Polynoidae
1021,Theragra chalcogramma,Poroclinus rothrocki
1022,Theragra chalcogramma,Pseudocalanus sp.
1023,Theragra chalcogramma,Pseudomma sp.
1024,Theragra chalcogramma,Pseudomma truncatum
1025,Theragra chalcogramma,Pteropoda
1026,Theragra chalcogramma,Reinhardtius hippoglossoides
1027,Theragra chalcogramma,Reptantia
1028,Theragra chalcogramma,Sagitta sp.
1029,Theragra chalcogramma,Scorpaeniformes
1030,Theragra chalcogramma,Sebastes sp.
1031,Theragra chalcogramma,Spirontocaris arcuata
1032,Theragra chalcogramma,Spirontocaris sp.
1033,Theragra chalcogramma,Spisula sp.
1034,Theragra chalcogramma,Stenobrachius leucopsarus
1035,Theragra chalcogramma,Stichaeidae
1036,Theragra chalcogramma,T. chalcogramma eggs
1037,Theragra chalcogramma,Teuthoidea
1038,Theragra chalcogramma,Teuthoidea Myopsida
1039,Theragra chalcogramma,Thaleichthys pacificus
1040,Theragra chalcogramma,Thecosomata
1041,Theragra chalcogramma,Themisto pacifica
1042,Theragra chalcogramma,Themisto sp.
1043,Theragra chalcogramma,Theragra chalcogramma
1044,Theragra chalcogramma,Thysanoessa inermis
1045,Theragra chalcogramma,Thysanoessa raschii
1046,Theragra chalcogramma,Thysanoessa spinifera
1047,Theragra chalcogramma,Tomopteridae
1048,Theragra chalcogramma,Unidentified eggs
1049,Theragra chalcogramma,Unidentified organic material
1050,Theragra chalcogramma,Zoarcidae
1051,Zaprora silenus,Calanoida
1052,Zaprora silenus,Larvacea Copelata
1053,Zaprora silenus,Microstomus pacificus
1054,Zaprora silenus,Mysidacea Mysida
1055,Zaprora silenus,Scyphozoa
1056,Zaprora silenus,Sebastes sp.
1057,Zaprora silenus,Themisto sp.
